{
  "$schema": "https://raw.githubusercontent.com/dineug/erd-editor/main/json-schema/schema.json",
  "version": "3.0.0",
  "settings": {
    "width": 2000,
    "height": 2000,
    "scrollTop": -69.0815,
    "scrollLeft": -398.2868,
    "zoomLevel": 0.9,
    "show": 431,
    "database": 4,
    "databaseName": "handy_man",
    "canvasType": "ERD",
    "language": 1,
    "tableNameCase": 4,
    "columnNameCase": 2,
    "bracketType": 1,
    "relationshipDataTypeSync": true,
    "relationshipOptimization": false,
    "columnOrder": [
      1,
      2,
      4,
      8,
      16,
      32,
      64
    ],
    "maxWidthComment": -1
  },
  "doc": {
    "tableIds": [
      "Vm88fpa2Locy9Vpf3WkBE",
      "V59S_CFS5NkRXs0oiQnRB",
      "Dr4jYdeNPAfCUhEP9KFHb"
    ],
    "relationshipIds": [
      "jXHRU5-kV57WANElLFM5a",
      "YFT2EgB-UKx4PzdXpBbJj"
    ],
    "indexIds": [],
    "memoIds": []
  },
  "collections": {
    "tableEntities": {
      "Vm88fpa2Locy9Vpf3WkBE": {
        "id": "Vm88fpa2Locy9Vpf3WkBE",
        "name": "handy_man",
        "comment": "",
        "columnIds": [
          "lUovFE7Duhp-EP4fmDm8E",
          "y79HoaKxvxFhhUmcPWzyN"
        ],
        "seqColumnIds": [
          "lUovFE7Duhp-EP4fmDm8E",
          "y79HoaKxvxFhhUmcPWzyN",
          "53f-sByMQYgPuUL6ykQlQ"
        ],
        "ui": {
          "x": 98,
          "y": 498,
          "zIndex": 2,
          "widthName": 63,
          "widthComment": 60,
          "color": ""
        },
        "meta": {
          "updateAt": 1712808101715,
          "createAt": 1712807780768
        }
      },
      "V59S_CFS5NkRXs0oiQnRB": {
        "id": "V59S_CFS5NkRXs0oiQnRB",
        "name": "contractor",
        "comment": "",
        "columnIds": [
          "-W_sdwtzXSQ3b6k8o5-Xn",
          "3BEF1FPausQ8kyvXb4qFG",
          "1EZ8EqZaWg2YqHvICQMcM"
        ],
        "seqColumnIds": [
          "-W_sdwtzXSQ3b6k8o5-Xn",
          "3BEF1FPausQ8kyvXb4qFG",
          "WMa7zq7hR-zCVoan2XKtb",
          "1EZ8EqZaWg2YqHvICQMcM"
        ],
        "ui": {
          "x": 724,
          "y": 119,
          "zIndex": 26,
          "widthName": 60,
          "widthComment": 60,
          "color": ""
        },
        "meta": {
          "updateAt": 1712808012537,
          "createAt": 1712807839475
        }
      },
      "Dr4jYdeNPAfCUhEP9KFHb": {
        "id": "Dr4jYdeNPAfCUhEP9KFHb",
        "name": "contracts",
        "comment": "",
        "columnIds": [
          "TPTMjya71hwY5vxLeV53d",
          "hqPvNiiD90VWIEjHIpMAx",
          "DOvuoGCUWhETDrselcR75",
          "1_4FU2JV7NtzSyXiqEUZw",
          "sg_7MK38iqxlD6SissEGD"
        ],
        "seqColumnIds": [
          "TPTMjya71hwY5vxLeV53d",
          "hqPvNiiD90VWIEjHIpMAx",
          "DOvuoGCUWhETDrselcR75",
          "DElCLVVdRPFeYNxrFWyOD",
          "1_4FU2JV7NtzSyXiqEUZw",
          "xMNYXoineB6JYyuT1bBm1",
          "sg_7MK38iqxlD6SissEGD"
        ],
        "ui": {
          "x": 720,
          "y": 458,
          "zIndex": 46,
          "widthName": 60,
          "widthComment": 60,
          "color": ""
        },
        "meta": {
          "updateAt": 1712808129059,
          "createAt": 1712807882071
        }
      }
    },
    "tableColumnEntities": {
      "lUovFE7Duhp-EP4fmDm8E": {
        "id": "lUovFE7Duhp-EP4fmDm8E",
        "tableId": "Vm88fpa2Locy9Vpf3WkBE",
        "name": "handyman_id",
        "comment": "",
        "dataType": "int",
        "default": "",
        "options": 10,
        "ui": {
          "keys": 1,
          "widthName": 73,
          "widthComment": 60,
          "widthDataType": 60,
          "widthDefault": 60
        },
        "meta": {
          "updateAt": 1712808115987,
          "createAt": 1712807792623
        }
      },
      "y79HoaKxvxFhhUmcPWzyN": {
        "id": "y79HoaKxvxFhhUmcPWzyN",
        "tableId": "Vm88fpa2Locy9Vpf3WkBE",
        "name": "full_name",
        "comment": "",
        "dataType": "VARCHAR",
        "default": "",
        "options": 0,
        "ui": {
          "keys": 0,
          "widthName": 60,
          "widthComment": 60,
          "widthDataType": 60,
          "widthDefault": 60
        },
        "meta": {
          "updateAt": 1712807819974,
          "createAt": 1712807807962
        }
      },
      "53f-sByMQYgPuUL6ykQlQ": {
        "id": "53f-sByMQYgPuUL6ykQlQ",
        "tableId": "Vm88fpa2Locy9Vpf3WkBE",
        "name": "",
        "comment": "",
        "dataType": "",
        "default": "",
        "options": 0,
        "ui": {
          "keys": 0,
          "widthName": 60,
          "widthComment": 60,
          "widthDataType": 60,
          "widthDefault": 60
        },
        "meta": {
          "updateAt": 1712807822284,
          "createAt": 1712807822284
        }
      },
      "-W_sdwtzXSQ3b6k8o5-Xn": {
        "id": "-W_sdwtzXSQ3b6k8o5-Xn",
        "tableId": "V59S_CFS5NkRXs0oiQnRB",
        "name": "contractor_d ",
        "comment": "",
        "dataType": "INT",
        "default": "",
        "options": 10,
        "ui": {
          "keys": 1,
          "widthName": 72,
          "widthComment": 60,
          "widthDataType": 60,
          "widthDefault": 60
        },
        "meta": {
          "updateAt": 1712807947769,
          "createAt": 1712807848855
        }
      },
      "3BEF1FPausQ8kyvXb4qFG": {
        "id": "3BEF1FPausQ8kyvXb4qFG",
        "tableId": "V59S_CFS5NkRXs0oiQnRB",
        "name": "full_name",
        "comment": "",
        "dataType": "VARCHAR",
        "default": "",
        "options": 0,
        "ui": {
          "keys": 0,
          "widthName": 60,
          "widthComment": 60,
          "widthDataType": 60,
          "widthDefault": 60
        },
        "meta": {
          "updateAt": 1712807867339,
          "createAt": 1712807858828
        }
      },
      "WMa7zq7hR-zCVoan2XKtb": {
        "id": "WMa7zq7hR-zCVoan2XKtb",
        "tableId": "V59S_CFS5NkRXs0oiQnRB",
        "name": "",
        "comment": "",
        "dataType": "",
        "default": "",
        "options": 0,
        "ui": {
          "keys": 0,
          "widthName": 60,
          "widthComment": 60,
          "widthDataType": 60,
          "widthDefault": 60
        },
        "meta": {
          "updateAt": 1712807874180,
          "createAt": 1712807870405
        }
      },
      "TPTMjya71hwY5vxLeV53d": {
        "id": "TPTMjya71hwY5vxLeV53d",
        "tableId": "Dr4jYdeNPAfCUhEP9KFHb",
        "name": "id ",
        "comment": "",
        "dataType": "INT",
        "default": "",
        "options": 10,
        "ui": {
          "keys": 1,
          "widthName": 60,
          "widthComment": 60,
          "widthDataType": 60,
          "widthDefault": 60
        },
        "meta": {
          "updateAt": 1712807904627,
          "createAt": 1712807890399
        }
      },
      "hqPvNiiD90VWIEjHIpMAx": {
        "id": "hqPvNiiD90VWIEjHIpMAx",
        "tableId": "Dr4jYdeNPAfCUhEP9KFHb",
        "name": "job_title",
        "comment": "",
        "dataType": "VARCHAR",
        "default": "",
        "options": 0,
        "ui": {
          "keys": 0,
          "widthName": 60,
          "widthComment": 60,
          "widthDataType": 60,
          "widthDefault": 60
        },
        "meta": {
          "updateAt": 1712807917882,
          "createAt": 1712807906163
        }
      },
      "DOvuoGCUWhETDrselcR75": {
        "id": "DOvuoGCUWhETDrselcR75",
        "tableId": "Dr4jYdeNPAfCUhEP9KFHb",
        "name": "description",
        "comment": "",
        "dataType": "TEXT",
        "default": "",
        "options": 0,
        "ui": {
          "keys": 0,
          "widthName": 61,
          "widthComment": 60,
          "widthDataType": 60,
          "widthDefault": 60
        },
        "meta": {
          "updateAt": 1712807931178,
          "createAt": 1712807919743
        }
      },
      "DElCLVVdRPFeYNxrFWyOD": {
        "id": "DElCLVVdRPFeYNxrFWyOD",
        "tableId": "Dr4jYdeNPAfCUhEP9KFHb",
        "name": "",
        "comment": "",
        "dataType": "",
        "default": "",
        "options": 0,
        "ui": {
          "keys": 0,
          "widthName": 60,
          "widthComment": 60,
          "widthDataType": 60,
          "widthDefault": 60
        },
        "meta": {
          "updateAt": 1712807933457,
          "createAt": 1712807933457
        }
      },
      "1_4FU2JV7NtzSyXiqEUZw": {
        "id": "1_4FU2JV7NtzSyXiqEUZw",
        "tableId": "Dr4jYdeNPAfCUhEP9KFHb",
        "name": "contractor_d ",
        "comment": "",
        "dataType": "INT",
        "default": "",
        "options": 8,
        "ui": {
          "keys": 2,
          "widthName": 72,
          "widthComment": 60,
          "widthDataType": 60,
          "widthDefault": 60
        },
        "meta": {
          "updateAt": 1712807967756,
          "createAt": 1712807967754
        }
      },
      "1EZ8EqZaWg2YqHvICQMcM": {
        "id": "1EZ8EqZaWg2YqHvICQMcM",
        "tableId": "V59S_CFS5NkRXs0oiQnRB",
        "name": "address",
        "comment": "",
        "dataType": "VARCHAR",
        "default": "",
        "options": 0,
        "ui": {
          "keys": 0,
          "widthName": 60,
          "widthComment": 60,
          "widthDataType": 60,
          "widthDefault": 60
        },
        "meta": {
          "updateAt": 1712808019571,
          "createAt": 1712808012536
        }
      },
      "xMNYXoineB6JYyuT1bBm1": {
        "id": "xMNYXoineB6JYyuT1bBm1",
        "tableId": "Dr4jYdeNPAfCUhEP9KFHb",
        "name": "id",
        "comment": "",
        "dataType": "int",
        "default": "",
        "options": 8,
        "ui": {
          "keys": 0,
          "widthName": 60,
          "widthComment": 60,
          "widthDataType": 60,
          "widthDefault": 60
        },
        "meta": {
          "updateAt": 1712808122159,
          "createAt": 1712808062577
        }
      },
      "sg_7MK38iqxlD6SissEGD": {
        "id": "sg_7MK38iqxlD6SissEGD",
        "tableId": "Dr4jYdeNPAfCUhEP9KFHb",
        "name": "handyman_id",
        "comment": "",
        "dataType": "int",
        "default": "",
        "options": 8,
        "ui": {
          "keys": 2,
          "widthName": 73,
          "widthComment": 60,
          "widthDataType": 60,
          "widthDefault": 60
        },
        "meta": {
          "updateAt": 1712808129059,
          "createAt": 1712808129059
        }
      }
    },
    "relationshipEntities": {
      "jXHRU5-kV57WANElLFM5a": {
        "id": "jXHRU5-kV57WANElLFM5a",
        "identification": false,
        "relationshipType": 16,
        "startRelationshipType": 2,
        "start": {
          "tableId": "V59S_CFS5NkRXs0oiQnRB",
          "columnIds": [
            "-W_sdwtzXSQ3b6k8o5-Xn"
          ],
          "x": 912.5,
          "y": 247,
          "direction": 8
        },
        "end": {
          "tableId": "Dr4jYdeNPAfCUhEP9KFHb",
          "columnIds": [
            "1_4FU2JV7NtzSyXiqEUZw"
          ],
          "x": 909,
          "y": 458,
          "direction": 4
        },
        "meta": {
          "updateAt": 1712807967755,
          "createAt": 1712807967755
        }
      },
      "xzYqhLlAbSmb1uP0bWUR_": {
        "id": "xzYqhLlAbSmb1uP0bWUR_",
        "identification": false,
        "relationshipType": 8,
        "startRelationshipType": 2,
        "start": {
          "tableId": "Vm88fpa2Locy9Vpf3WkBE",
          "columnIds": [
            "lUovFE7Duhp-EP4fmDm8E"
          ],
          "x": 476,
          "y": 550,
          "direction": 2
        },
        "end": {
          "tableId": "Dr4jYdeNPAfCUhEP9KFHb",
          "columnIds": [
            "xMNYXoineB6JYyuT1bBm1"
          ],
          "x": 720,
          "y": 546,
          "direction": 1
        },
        "meta": {
          "updateAt": 1712808062577,
          "createAt": 1712808062577
        }
      },
      "YFT2EgB-UKx4PzdXpBbJj": {
        "id": "YFT2EgB-UKx4PzdXpBbJj",
        "identification": false,
        "relationshipType": 8,
        "startRelationshipType": 2,
        "start": {
          "tableId": "Vm88fpa2Locy9Vpf3WkBE",
          "columnIds": [
            "lUovFE7Duhp-EP4fmDm8E"
          ],
          "x": 476,
          "y": 550,
          "direction": 2
        },
        "end": {
          "tableId": "Dr4jYdeNPAfCUhEP9KFHb",
          "columnIds": [
            "sg_7MK38iqxlD6SissEGD"
          ],
          "x": 720,
          "y": 546,
          "direction": 1
        },
        "meta": {
          "updateAt": 1712808129059,
          "createAt": 1712808129059
        }
      }
    },
    "indexEntities": {},
    "indexColumnEntities": {},
    "memoEntities": {}
  },
  "lww": {
    "settings.databaseName": [
      "settings",
      -1,
      -1,
      {
        "databaseName": 1712807776449
      }
    ],
    "Vm88fpa2Locy9Vpf3WkBE": [
      "tableEntities",
      1712807780762,
      -1,
      {
        "name": 1712807790194
      }
    ],
    "lUovFE7Duhp-EP4fmDm8E": [
      "tableColumnEntities",
      1712807792620,
      -1,
      {
        "name": 1712808115982,
        "dataType": 1712807799347,
        "options(primaryKey)": 1712807806250
      }
    ],
    "y79HoaKxvxFhhUmcPWzyN": [
      "tableColumnEntities",
      1712807807959,
      -1,
      {
        "name": 1712807812351,
        "dataType": 1712807819972
      }
    ],
    "53f-sByMQYgPuUL6ykQlQ": [
      "tableColumnEntities",
      1712807822283,
      1712807837717,
      {}
    ],
    "V59S_CFS5NkRXs0oiQnRB": [
      "tableEntities",
      1712807839474,
      -1,
      {
        "name": 1712807846835
      }
    ],
    "-W_sdwtzXSQ3b6k8o5-Xn": [
      "tableColumnEntities",
      1712807848854,
      -1,
      {
        "name": 1712807947762,
        "dataType": 1712807854995,
        "options(primaryKey)": 1712807857471
      }
    ],
    "3BEF1FPausQ8kyvXb4qFG": [
      "tableColumnEntities",
      1712807858824,
      -1,
      {
        "name": 1712807862868,
        "dataType": 1712807867338
      }
    ],
    "WMa7zq7hR-zCVoan2XKtb": [
      "tableColumnEntities",
      1712807870403,
      1712807880040,
      {
        "name": 1712807874172
      }
    ],
    "Dr4jYdeNPAfCUhEP9KFHb": [
      "tableEntities",
      1712807882069,
      -1,
      {
        "name": 1712807888230
      }
    ],
    "TPTMjya71hwY5vxLeV53d": [
      "tableColumnEntities",
      1712807890398,
      -1,
      {
        "name": 1712807895048,
        "dataType": 1712807902630,
        "options(primaryKey)": 1712807904625
      }
    ],
    "hqPvNiiD90VWIEjHIpMAx": [
      "tableColumnEntities",
      1712807906160,
      -1,
      {
        "name": 1712807910077,
        "dataType": 1712807917882
      }
    ],
    "DOvuoGCUWhETDrselcR75": [
      "tableColumnEntities",
      1712807919741,
      -1,
      {
        "name": 1712807927186,
        "dataType": 1712807931176
      }
    ],
    "DElCLVVdRPFeYNxrFWyOD": [
      "tableColumnEntities",
      1712807933455,
      1712807937487,
      {}
    ],
    "1_4FU2JV7NtzSyXiqEUZw": [
      "tableColumnEntities",
      1712807967748,
      -1,
      {
        "options(notNull)": 1712807967748,
        "name": 1712807967748,
        "dataType": 1712807967748,
        "default": 1712807967748,
        "comment": 1712807967748
      }
    ],
    "jXHRU5-kV57WANElLFM5a": [
      "relationshipEntities",
      1712807967748,
      -1,
      {}
    ],
    "1EZ8EqZaWg2YqHvICQMcM": [
      "tableColumnEntities",
      1712808012530,
      -1,
      {
        "name": 1712808015363,
        "dataType": 1712808019570
      }
    ],
    "xMNYXoineB6JYyuT1bBm1": [
      "tableColumnEntities",
      1712808062575,
      1712808122155,
      {
        "options(notNull)": 1712808062575,
        "name": 1712808062575,
        "dataType": 1712808062575,
        "default": 1712808062575,
        "comment": 1712808062575
      }
    ],
    "xzYqhLlAbSmb1uP0bWUR_": [
      "relationshipEntities",
      1712808062575,
      1712808122155,
      {}
    ],
    "sg_7MK38iqxlD6SissEGD": [
      "tableColumnEntities",
      1712808129056,
      -1,
      {
        "options(notNull)": 1712808129056,
        "name": 1712808129056,
        "dataType": 1712808129056,
        "default": 1712808129056,
        "comment": 1712808129056
      }
    ],
    "YFT2EgB-UKx4PzdXpBbJj": [
      "relationshipEntities",
      1712808129056,
      -1,
      {}
    ]
  }
}